transfer,well ,volume_ul,dilution ,lys_r1,lys_r2,lys_r3,his_r1,his_r2,his_r3
1,A1,10,1.00E+04,36,29,33,68,75,76
1,A1,10,1.00E+05,4,7,5,8,8,9
1,A1,10,1.00E+06,1,0,0,1,1,1
1,A1,10,1.00E+07,0,0,0,0,0,0
1,A2,10,1.00E+04,27,23,28,61,74,58
1,A2,10,1.00E+05,2,4,1,5,12,7
1,A2,10,1.00E+06,0,0,0,0,0,0
1,A2,10,1.00E+07,0,0,0,0,0,0
1,A3,10,1.00E+04,38,37,41,69,74,74
1,A3,10,1.00E+05,1,2,10,0,0,0
1,A3,10,1.00E+06,2,0,2,0,0,0
1,A3,10,1.00E+07,0,0,0,0,0,0
1,A4,10,1.00E+04,30,28,20,32,67,71
1,A4,10,1.00E+05,4,4,2,8,9,10
1,A4,10,1.00E+06,2,0,0,2,2,0
1,A4,10,1.00E+07,0,0,0,1,0,0
1,A5,10,1.00E+04,29,28,29,47,65,58
1,A5,10,1.00E+05,1,5,5,1,2,3
1,A5,10,1.00E+06,0,0,0,1,0,1
1,A5,10,1.00E+07,0,0,0,0,0,0
1,A6,10,1.00E+04,31,25,29,66,70,82
1,A6,10,1.00E+05,0,6,2,9,12,4
1,A6,10,1.00E+06,1,1,0,1,1,0
1,A6,10,1.00E+07,0,0,0,0,0,0
1,B1,10,1.00E+04,24,33,33,70,73,62
1,B1,10,1.00E+05,3,8,3,10,13,11
1,B1,10,1.00E+06,0,0,0,1,2,0
1,B1,10,1.00E+07,0,0,0,0,0,0
1,B2,10,1.00E+04,26,23,23,98,90,96
1,B2,10,1.00E+05,2,0,2,16,16,9
1,B2,10,1.00E+06,0,0,0,3,1,0
1,B2,10,1.00E+07,0,0,0,0,0,0
1,B3,10,1.00E+04,13,17,20,97,79,73
1,B3,10,1.00E+05,1,1,3,1,0,2
1,B3,10,1.00E+06,0,0,0,1,0,0
1,B3,10,1.00E+07,0,0,0,0,0,0
1,B4,10,1.00E+04,30,28,20,5,5,9
1,B4,10,1.00E+05,4,4,2,1,0,0
1,B4,10,1.00E+06,2,0,0,0,0,0
1,B4,10,1.00E+07,0,0,0,0,0,0
1,B5,10,1.00E+04,10,4,10,59,49,57
1,B5,10,1.00E+05,1,1,2,3,7,4
1,B5,10,1.00E+06,0,0,0,2,0,1
1,B5,10,1.00E+07,0,0,0,0,0,0
1,B6,10,1.00E+04,0,0,0,0,0,0
1,B6,10,1.00E+05,0,0,0,0,0,0
1,B6,10,1.00E+06,0,0,0,0,0,0
1,B6,10,1.00E+07,0,0,0,0,0,0
1,C1,10,1.00E+04,33,30,28,73,75,62
1,C1,10,1.00E+05,4,6,7,10,13,11
1,C1,10,1.00E+06,0,0,0,1,2,0
1,C1,10,1.00E+07,0,0,0,0,0,0
1,C2,10,1.00E+04,30,25,24,45,59,51
1,C2,10,1.00E+05,2,8,6,7,9,9
1,C2,10,1.00E+06,0,0,2,0,0,0
1,C2,10,1.00E+07,0,0,0,0,0,0
1,C3,10,1.00E+04,25,32,22,44,43,47
1,C3,10,1.00E+05,2,0,3,1,1,5
1,C3,10,1.00E+06,0,0,0,1,0,0
1,C3,10,1.00E+07,0,0,0,0,0,0
1,C4,10,1.00E+04,NA,NA,NA,0,0,0
1,C4,10,1.00E+05,12,6,15,0,0,0
1,C4,10,1.00E+06,1,2,3,0,0,0
1,C4,10,1.00E+07,0,1,0,0,0,0
1,C5,10,1.00E+04,NA,NA,61,0,0,0
1,C5,10,1.00E+05,12,13,11,0,0,0
1,C5,10,1.00E+06,3,1,3,0,0,0
1,C5,10,1.00E+07,0,2,0,0,0,0
1,C6,10,1.00E+04,NA,NA,67,0,0,0
1,C6,10,1.00E+05,13,10,19,0,0,0
1,C6,10,1.00E+06,4,3,1,0,0,0
1,C6,10,1.00E+07,0,1,0,0,0,0
1,D1,10,1.00E+04,27,35,27,92,64,55
1,D1,10,1.00E+05,3,3,6,10,14,11
1,D1,10,1.00E+06,0,0,0,1,2,1
1,D1,10,1.00E+07,0,0,0,0,0,0
1,D2,10,1.00E+04,22,19,23,51,60,58
1,D2,10,1.00E+05,3,3,8,13,9,10
1,D2,10,1.00E+06,0,0,0,1,2,2
1,D2,10,1.00E+07,0,0,0,0,0,0
1,D3,10,1.00E+04,19,17,24,53,45,48
1,D3,10,1.00E+05,0,3,4,8,5,4
1,D3,10,1.00E+06,1,0,0,0,1,0
1,D3,10,1.00E+07,0,0,0,0,0,0
1,D4,10,1.00E+04,0,0,0,NA,NA,NA
1,D4,10,1.00E+05,0,0,0,17,8,14
1,D4,10,1.00E+06,0,0,0,2,2,1
1,D4,10,1.00E+07,0,0,0,0,0,0
1,D5,10,1.00E+04,0,0,0,NA,NA,NA
1,D5,10,1.00E+05,0,0,0,15,18,12
1,D5,10,1.00E+06,0,0,0,1,1,0
1,D5,10,1.00E+07,0,0,0,0,0,0
1,D6,10,1.00E+04,0,0,0,NA,NA,NA
1,D6,10,1.00E+05,0,0,0,1,15,25
1,D6,10,1.00E+06,0,0,0,4,4,1
1,D6,10,1.00E+07,0,0,0,0,0,0
2,A1,10,1.00E+04,61,72,70,NA,NA,NA
2,A1,10,1.00E+05,9,12,11,6,46,49
2,A1,10,1.00E+06,2,3,0,6,8,1
2,A1,10,1.00E+07,0,0,0,1,0,1
2,A2,10,1.00E+04,15,11,18,NA,NA,87
2,A2,10,1.00E+05,1,2,5,19,18,13
2,A2,10,1.00E+06,0,0,0,1,0,0
2,A2,10,1.00E+07,0,0,0,NA,NA,87
2,A3,10,1.00E+04,13,12,11,19,18,13
2,A3,10,1.00E+05,0,1,0,7,11,10
2,A3,10,1.00E+06,1,1,0,3,2,0
2,A3,10,1.00E+07,0,0,0,1,0,0
2,A4,10,1.00E+04,7,9,8,0,0,0
2,A4,10,1.00E+05,1,1,0,75,77,75
2,A4,10,1.00E+06,1,0,0,16,8,10
2,A4,10,1.00E+07,0,0,0,0,0,0
2,A5,10,1.00E+04,11,3,2,84,103,113
2,A5,10,1.00E+05,1,1,2,20,19,15
2,A5,10,1.00E+06,1,0,0,2,2,1
2,A5,10,1.00E+07,0,0,0,0,0,0
2,A6,10,1.00E+04,2,4,8,NA,NA,NA
2,A6,10,1.00E+05,1,0,1,21,18,21
2,A6,10,1.00E+06,1,0,0,4,3,2
2,A6,10,1.00E+07,0,0,0,0,0,0
2,B1,10,1.00E+04,16,24,19,78,77,94
2,B1,10,1.00E+05,1,1,1,2,20,17
2,B1,10,1.00E+06,1,1,0,2,2,1
2,B1,10,1.00E+07,0,0,0,0,0,0
2,B2,10,1.00E+04,11,10,17,99,62,70
2,B2,10,1.00E+05,1,0,0,9,11,14
2,B2,10,1.00E+06,0,0,0,1,1,1
2,B2,10,1.00E+07,0,0,0,0,0,0
2,B3,10,1.00E+04,0,0,0,NA,NA,NA
2,B3,10,1.00E+05,3,3,2,8,13,14
2,B3,10,1.00E+06,NA,NA,NA,2,0,2
2,B3,10,1.00E+07,NA,NA,NA,0,0,0
2,B4,10,1.00E+04,0,5,4,34,46,46
2,B4,10,1.00E+05,0,1,0,2,3,4
2,B4,10,1.00E+06,0,0,0,0,0,0
2,B4,10,1.00E+07,0,0,0,0,0,0
2,B5,10,1.00E+04,5,0,0,27,31,21
2,B5,10,1.00E+05,0,2,0,11,7,5
2,B5,10,1.00E+06,0,0,0,0,0,0
2,B5,10,1.00E+07,0,0,0,0,0,0
2,B6,10,1.00E+04,0,0,0,0,0,0
2,B6,10,1.00E+05,0,0,0,0,0,0
2,B6,10,1.00E+06,0,0,0,0,0,0
2,B6,10,1.00E+07,0,0,0,0,0,0
2,C1,10,1.00E+04,22,19,12,75,85,84
2,C1,10,1.00E+05,1,1,3,5,13,16
2,C1,10,1.00E+06,1,1,0,1,1,0
2,C1,10,1.00E+07,0,0,0,0,0,0
2,C2,10,1.00E+04,21,24,18,NA,NA,NA
2,C2,10,1.00E+05,3,3,0,17,12,19
2,C2,10,1.00E+06,0,0,0,1,2,2
2,C2,10,1.00E+07,0,0,0,1,0,0
2,C3,10,1.00E+04,NA,NA,NA,65,67,72
2,C3,10,1.00E+05,NA,NA,NA,9,12,7
2,C3,10,1.00E+06,7,4,7,0,0,1
2,C3,10,1.00E+07,1,0,0,0,0,0
2,C4,10,1.00E+04, NA,NA,NA,NA,NA,NA
2,C4,10,1.00E+05,11,15,15,NA,NA,NA
2,C4,10,1.00E+06,2,3,0,NA,NA,NA
2,C4,10,1.00E+07,0,0,0,NA,NA,NA
2,C5,10,1.00E+04,22,18,17, NA,NA,NA
2,C5,10,1.00E+05,1,3,0, NA,NA,NA
2,C5,10,1.00E+06,0,0,0, NA,NA,NA
2,C5,10,1.00E+07,0,0,0, NA,NA,NA
2,C6,10,1.00E+04, NA,NA,NA,23,63,84
2,C6,10,1.00E+05, NA,NA,NA,0,0,0
2,C6,10,1.00E+06, NA,NA,NA,0,0,0
2,C6,10,1.00E+07, NA,NA,NA,0,0,0
2,D1,10,1.00E+04,5,40,35,88,100,80
2,D1,10,1.00E+05,6,3,2,12,10,17
2,D1,10,1.00E+06,1,0,0,3,1,0
2,D1,10,1.00E+07,0,0,0,0,0,0
2,D2,10,1.00E+04,11,22,22,NA,NA,NA
2,D2,10,1.00E+05,4,2,1,14,18,17
2,D2,10,1.00E+06,1,1,0,1,1,1
2,D2,10,1.00E+07,0,0,0,0,0,0
2,D3,10,1.00E+04,NA,NA,NA,50,57,48
2,D3,10,1.00E+05,NA,NA,NA,5,7,4
2,D3,10,1.00E+06,4,7,2,0,1,0
2,D3,10,1.00E+07,1,1,0,0,0,0
2,D4,10,1.00E+04,0,0,0,0,0,0
2,D4,10,1.00E+05,0,0,0,14,35,31
2,D4,10,1.00E+06,0,0,0,3,1,1
2,D4,10,1.00E+07,0,0,0,0,0,0
2,D5,10,1.00E+04,0,0,0,NA,NA,NA
2,D5,10,1.00E+05,0,0,0,NA,NA,NA
2,D5,10,1.00E+06,0,0,0,NA,NA,NA
2,D5,10,1.00E+07,0,0,0,NA,NA,NA
2,D6,10,1.00E+04,0,0,0,46,84,108
2,D6,10,1.00E+05,0,0,0,0,0,0
2,D6,10,1.00E+06,0,0,0,0,0,0
2,D6,10,1.00E+07,0,0,0,0,0,0
3,A1,10,1.00E+03,NA,NA,NA,NA,NA,NA
3,A1,10,1.00E+04,19,1,22,NA,NA,NA
3,A1,10,1.00E+05,2,2,2,17,18,18
3,A1,10,1.00E+06,0,0,0,4,3,1
3,A2,10,1.00E+03,NA,NA,NA,NA,NA,NA
3,A2,10,1.00E+04,14,12,11,NA,NA,NA
3,A2,10,1.00E+05,3,0,3,7,13,10
3,A2,10,1.00E+06,1,0,0,3,0,0
3,A3,10,1.00E+03,NA,NA,NA,NA,NA,NA
3,A3,10,1.00E+04,15,28,21,NA,NA,NA
3,A3,10,1.00E+05,2,0,1,9,9,13
3,A3,10,1.00E+06,0,0,0,2,2,1
3,A4,10,1.00E+03,78,52,37,NA,NA,NA
3,A4,10,1.00E+04,8,7,13,55,52,64
3,A4,10,1.00E+05,1,0,1,11,13,4
3,A4,10,1.00E+06,0,0,0,0,0,0
3,A5,10,1.00E+03,55,57,19,NA,NA,NA
3,A5,10,1.00E+04,6,10,10,NA,NA,NA
3,A5,10,1.00E+05,0,0,0,13,15,10
3,A5,10,1.00E+06,0,0,0,1,1,1
3,A6,10,1.00E+03,46,43,28,16,13,10
3,A6,10,1.00E+04,4,7,4,1,1,1
3,A6,10,1.00E+05,0,0,0,0,0,0
3,A6,10,1.00E+06,0,0,0,0,0,0
3,B1,10,1.00E+03,NA,NA,NA,NA,NA,NA
3,B1,10,1.00E+04,27,23,8,71,77,NA
3,B1,10,1.00E+05,1,1,1,10,6,11
3,B1,10,1.00E+06,0,0,0,1,1,0
3,B2,10,1.00E+03,65,61,47,NA,NA,NA
3,B2,10,1.00E+04,7,10,7,NA,NA,NA
3,B2,10,1.00E+05,1,3,1,10,14,8
3,B2,10,1.00E+06,0,0,1,0,1,1
3,B3,10,1.00E+03,48,45,42,NA,NA,NA
3,B3,10,1.00E+04,11,10,8,NA,NA,NA
3,B3,10,1.00E+05,1,0,1,7,10,7
3,B3,10,1.00E+06,0,0,0,1,1,1
3,B4,10,1.00E+01,66,64,72,NA,NA,NA
3,B4,10,1.00E+02,14,3,7,NA,NA,NA
3,B4,10,1.00E+03,0,0,0,NA,NA,NA
3,B4,10,1.00E+04,0,0,0,NA,NA,NA
3,B5,10,1.00E+01,NA,NA,NA,NA,NA,NA
3,B5,10,1.00E+02,NA,NA,NA,NA,NA,NA
3,B5,10,1.00E+03,NA,NA,NA,NA,NA,NA
3,B5,10,1.00E+04,NA,NA,NA,56,58,46
3,B6,10,1.00E+01,NA,NA,NA,NA,NA,NA
3,B6,10,1.00E+02,NA,NA,NA,NA,NA,NA
3,B6,10,1.00E+03,NA,NA,NA,NA,NA,NA
3,B6,10,1.00E+04,NA,NA,NA,NA,NA,NA
3,C1,10,1.00E+03,NA,NA,NA,NA,NA,NA
3,C1,10,1.00E+04,18,13,24,NA,NA,NA
3,C1,10,1.00E+05,2,4,5,20,12,6
3,C1,10,1.00E+06,0,1,0,2,5,0
3,C2,10,1.00E+03,NA,NA,NA,NA,NA,NA
3,C2,10,1.00E+04,19,16,23,NA,NA,NA
3,C2,10,1.00E+05,2,4,5,15,23,7
3,C2,10,1.00E+06,0,1,0,1,1,1
3,C3,10,1.00E+03,85,85,6,NA,NA,NA
3,C3,10,1.00E+04,12,7,5,NA,NA,NA
3,C3,10,1.00E+05,1,1,0,18,22,16
3,C3,10,1.00E+06,0,0,0,3,2,3
3,C4,10,1.00E+06,NA,NA,NA,NA,NA,NA
3,C4,10,1.00E+07,1,2,2,NA,NA,NA
3,C4,10,1.00E+08,NA,NA,NA,NA,NA,NA
3,C4,10,1.00E+09,NA,NA,NA,NA,NA,NA
3,C5,10,1.00E+06,NA,NA,NA,NA,NA,NA
3,C5,10,1.00E+07,NA,NA,NA,NA,NA,NA
3,C5,10,1.00E+08,103,NA,NA,NA,NA,NA
3,C5,10,1.00E+09,NA,NA,NA,NA,NA,NA
3,C6,10,1.00E+06,NA,NA,NA,NA,NA,NA
3,C6,10,1.00E+07,NA,NA,NA,NA,NA,NA
3,C6,10,1.00E+08,121,NA,NA,NA,NA,NA
3,C6,10,1.00E+09,NA,NA,NA,NA,NA,NA
3,D1,10,1.00E+03,NA,NA,NA,NA,NA,NA
3,D1,10,1.00E+04,17,18,19,NA,NA,NA
3,D1,10,1.00E+05,2,3,4,16,20,17
3,D1,10,1.00E+06,2,1,0,1,1,2
3,D2,10,1.00E+03,64,50,53,NA,NA,NA
3,D2,10,1.00E+04,9,14,11,NA,NA,NA
3,D2,10,1.00E+05,0,1,0,18,22,16
3,D2,10,1.00E+06,0,1,0,3,2,3
3,D3,10,1.00E+03,NA,NA,NA,16,17,10
3,D3,10,1.00E+04,10,19,11,3,5,1
3,D3,10,1.00E+05,3,1,2,0,0,0
3,D3,10,1.00E+06,0,0,0,0,0,0
3,D4,10,1.00E+06,NA,NA,NA,NA,NA,NA
3,D4,10,1.00E+07,NA,NA,NA,NA,NA,NA
3,D4,10,1.00E+08,NA,NA,NA,NA,NA,NA
3,D4,10,1.00E+09,NA,NA,NA,NA,NA,NA
3,D5,10,1.00E+06,NA,NA,NA,NA,NA,NA
3,D5,10,1.00E+07,NA,NA,NA,NA,NA,NA
3,D5,10,1.00E+08,NA,NA,NA,NA,NA,NA
3,D5,10,1.00E+09,NA,NA,NA,NA,NA,NA
3,D6,10,1.00E+06,NA,NA,NA,NA,NA,NA
3,D6,10,1.00E+07,NA,NA,NA,NA,NA,NA
3,D6,10,1.00E+08,NA,NA,NA,40,39,53
3,D6,10,1.00E+09,NA,NA,NA,NA,NA,NA
4,A1,10,1.00E+03,NA,NA,NA,NA,NA,NA
4,A1,10,1.00E+04,27,24,21,NA,NA,NA
4,A1,10,1.00E+05,3,3,6,21,15,25
4,A1,10,1.00E+06,0,,0,2,2,0
4,A2,10,1.00E+03,NA,NA,NA,NA,NA,NA
4,A2,10,1.00E+04,28,33,20,NA,NA,NA
4,A2,10,1.00E+05,4,4,3,12,9,8
4,A2,10,1.00E+06,3,1,2,3,2,2
4,A3,10,1.00E+03,35,41,35,NA,NA,NA
4,A3,10,1.00E+04,5,3,7,48,51,44
4,A3,10,1.00E+05,2,0,0,18,15,15
4,A3,10,1.00E+06,0,0,0,1,1,2
4,A4,10,1.00E+03,NA,NA,NA,NA,NA,NA
4,A4,10,1.00E+04,NA,NA,NA,NA,NA,NA
4,A4,10,1.00E+05,36,38,37,18,9,26
4,A4,10,1.00E+06,21,9,21,2,4,2
4,A5,10,1.00E+03,NA,NA,NA,NA,NA,NA
4,A5,10,1.00E+04,NA,NA,NA,NA,NA,NA
4,A5,10,1.00E+05,NA,NA,NA,15,14,11
4,A5,10,1.00E+06,NA,NA,NA,2,3,0
4,A6,10,1.00E+03,NA,NA,NA,NA,NA,NA
4,A6,10,1.00E+04,NA,NA,NA,11,15,8
4,A6,10,1.00E+05,NA,NA,NA,3,3,2
4,A6,10,1.00E+06,NA,NA,NA,0,0,0
4,B1,10,1.00E+03,NA,NA,NA,NA,NA,NA
4,B1,10,1.00E+04,27,28,27,NA,NA,NA
4,B1,10,1.00E+05,0,1,5,17,17,14
4,B1,10,1.00E+06,0,1,2,3,5,4
4,B2,10,1.00E+03,NA,NA,NA,NA,NA,NA
4,B2,10,1.00E+04,10,8,11,NA,NA,NA
4,B2,10,1.00E+05,2,5,6,17,17,14
4,B2,10,1.00E+06,1,0,0,0,1,0
4,B3,10,1.00E+03,NA,NA,NA,NA,NA,NA
4,B3,10,1.00E+04,22,33,24,NA,NA,NA
4,B3,10,1.00E+05,5,2,7,6,11,6
4,B3,10,1.00E+06,0,0,0,NA,1,NA
4,B4,10,1.00E+01,0,0,0,NA,NA,NA
4,B4,10,1.00E+02,0,0,0,NA,NA,NA
4,B4,10,1.00E+03,0,0,0,NA,NA,NA
4,B4,10,1.00E+04,0,0,0,NA,NA,NA
4,B5,10,1.00E+01,NA,NA,NA,NA,NA,NA
4,B5,10,1.00E+02,NA,NA,NA,57,68,NA
4,B5,10,1.00E+03,NA,NA,NA,9,8,10
4,B5,10,1.00E+04,NA,NA,NA,1,0,1
4,B6,10,1.00E+01,NA,NA,NA,NA,NA,NA
4,B6,10,1.00E+02,NA,NA,NA,NA,NA,NA
4,B6,10,1.00E+03,NA,NA,NA,NA,NA,NA
4,B6,10,1.00E+04,NA,NA,NA,NA,NA,NA
4,C1,10,1.00E+03,NA,NA,NA,NA,NA,NA
4,C1,10,1.00E+04,2,10,11,4,1,1
4,C1,10,1.00E+05,2,0,1,20,30,24
4,C1,10,1.00E+06,1,2,0,2,2,0
4,C2,10,1.00E+03,NA,NA,NA,NA,NA,NA
4,C2,10,1.00E+04,5,20,25,NA,NA,NA
4,C2,10,1.00E+05,2,3,2,20,19,14
4,C2,10,1.00E+06,NA,NA,NA,1,2,2
4,C3,10,1.00E+03,NA,NA,NA,NA,NA,NA
4,C3,10,1.00E+04,9,11,9,NA,NA,NA
4,C3,10,1.00E+05,1,3,1,8,6,12
4,C3,10,1.00E+06,0,0,0,1,2,3
4,C4,10,1.00E+06,18,14,NA,NA,NA,NA
4,C4,10,1.00E+07,30,27,30,NA,NA,NA
4,C4,10,1.00E+08,11,14,16,NA,NA,NA
4,C4,10,1.00E+09,NA,NA,NA,NA,NA,NA
4,C5,10,1.00E+06,NA,NA,NA,NA,NA,NA
4,C5,10,1.00E+07,NA,NA,NA,NA,NA,NA
4,C5,10,1.00E+08,NA,NA,NA,NA,NA,NA
4,C5,10,1.00E+09,NA,NA,NA,NA,NA,NA
4,C6,10,1.00E+06,NA,NA,NA,NA,NA,NA
4,C6,10,1.00E+07,NA,NA,NA,NA,NA,NA
4,C6,10,1.00E+08,NA,NA,NA,NA,NA,NA
4,C6,10,1.00E+09,NA,NA,NA,NA,NA,NA
4,D1,10,1.00E+03,NA,NA,NA,NA,NA,NA
4,D1,10,1.00E+04,13,21,20,NA,NA,NA
4,D1,10,1.00E+05,2,3,3,22,21,11
4,D1,10,1.00E+06,0,0,0,1,1,1
4,D2,10,1.00E+03,NA,NA,NA,NA,NA,NA
4,D2,10,1.00E+04,14,10,13,NA,NA,NA
4,D2,10,1.00E+05,2,1,0,21,16,13
4,D2,10,1.00E+06,0,0,0,2,3,3
4,D3,10,1.00E+03,NA,NA,NA,NA,NA,NA
4,D3,10,1.00E+04,6,22,23,NA,NA,NA
4,D3,10,1.00E+05,4,5,0,17,13,11
4,D3,10,1.00E+06,0,0,0,3,1,5
4,D4,10,1.00E+06,NA,NA,NA,NA,NA,NA
4,D4,10,1.00E+07,NA,NA,NA,NA,NA,NA
4,D4,10,1.00E+08,NA,NA,NA,NA,NA,NA
4,D4,10,1.00E+09,NA,NA,NA,NA,NA,NA
4,D5,10,1.00E+06,NA,NA,NA,NA,NA,NA
4,D5,10,1.00E+07,NA,NA,NA,NA,NA,NA
4,D5,10,1.00E+08,NA,NA,NA,NA,NA,NA
4,D5,10,1.00E+09,NA,NA,NA,NA,NA,NA
4,D6,10,1.00E+06,NA,NA,NA,NA,NA,NA
4,D6,10,1.00E+07,NA,NA,NA,NA,NA,NA
4,D6,10,1.00E+08,NA,NA,NA,NA,NA,NA
4,D6,10,1.00E+09,NA,NA,NA,NA,NA,NA
5,A1,10,1.00E+03,NA,NA,NA,NA,NA,NA
5,A1,10,1.00E+04,31,31,23,NA,NA,NA
5,A1,10,1.00E+05,4,2,5,NA,NA,NA
5,A1,10,1.00E+06,1,0,0,NA,NA,NA
5,A2,10,1.00E+03,NA,NA,NA,NA,NA,NA
5,A2,10,1.00E+04,19,30,28,NA,NA,NA
5,A2,10,1.00E+05,4,2,4,NA,NA,NA
5,A2,10,1.00E+06,1,0,1,NA,NA,NA
5,A3,10,1.00E+03,NA,NA,NA,NA,NA,NA
5,A3,10,1.00E+04,49,43,40,NA,NA,NA
5,A3,10,1.00E+05,4,6,6,NA,NA,NA
5,A3,10,1.00E+06,0,0,0,NA,NA,NA
5,A4,10,1.00E+03,NA,NA,NA,NA,NA,NA
5,A4,10,1.00E+04,18,22,18,NA,NA,NA
5,A4,10,1.00E+05,3,3,4,NA,NA,NA
5,A4,10,1.00E+06,0,0,0,NA,NA,NA
5,A5,10,1.00E+03,NA,NA,NA,NA,NA,NA
5,A5,10,1.00E+04,34,27,17,NA,NA,NA
5,A5,10,1.00E+05,3,3,4,NA,NA,NA
5,A5,10,1.00E+06,0,0,0,NA,NA,NA
5,A6,10,1.00E+03,NA,NA,NA,NA,NA,NA
5,A6,10,1.00E+04,16,16,15,NA,NA,NA
5,A6,10,1.00E+05,2,1,4,NA,NA,NA
5,A6,10,1.00E+06,5,1,5,NA,NA,NA
5,B1,10,1.00E+03,NA,NA,NA,NA,NA,NA
5,B1,10,1.00E+04,33,33,34,NA,NA,NA
5,B1,10,1.00E+05,7,5,7,8,15,9
5,B1,10,1.00E+06,0,0,0,1,4,3
5,B2,10,1.00E+03,NA,NA,NA,NA,NA,NA
5,B2,10,1.00E+04,29,30,25,NA,NA,NA
5,B2,10,1.00E+05,0,0,0,17,6,8
5,B2,10,1.00E+06,0,0,0,1,0,0
5,B3,10,1.00E+03,34,23,29,NA,NA,NA
5,B3,10,1.00E+04,3,5,2,45,54,45
5,B3,10,1.00E+05,4,0,0,4,7,6
5,B3,10,1.00E+06,0,0,0,1,NA,NA
5,B4,10,1.00E+01,17,17,20,NA,NA,NA
5,B4,10,1.00E+02,5,0,2,NA,NA,NA
5,B4,10,1.00E+03,0,0,0,NA,NA,NA
5,B4,10,1.00E+04,0,0,0,NA,NA,NA
5,B5,10,1.00E+01,NA,NA,NA,NA,NA,NA
5,B5,10,1.00E+02,NA,NA,NA,NA,NA,NA
5,B5,10,1.00E+03,NA,NA,NA,NA,NA,NA
5,B5,10,1.00E+04,NA,NA,NA,55,46,55
5,B6,10,1.00E+01,NA,NA,NA,NA,NA,NA
5,B6,10,1.00E+02,NA,NA,NA,NA,NA,NA
5,B6,10,1.00E+03,NA,NA,NA,NA,NA,NA
5,B6,10,1.00E+04,NA,NA,NA,NA,NA,NA
5,C1,10,1.00E+03,NA,NA,NA,NA,NA,NA
5,C1,10,1.00E+04,14,22,15,NA,NA,NA
5,C1,10,1.00E+05,3,2,1,19,15,20
5,C1,10,1.00E+06,0,2,0,3,1,1
5,C2,10,1.00E+03,NA,NA,NA,NA,NA,NA
5,C2,10,1.00E+04,28,25,27,60,64,55
5,C2,10,1.00E+05,5,4,3,9,11,13
5,C2,10,1.00E+06,0,0,0,2,3,NA
5,C3,10,1.00E+03,NA,NA,NA,NA,NA,NA
5,C3,10,1.00E+04,5,9,9,NA,NA,NA
5,C3,10,1.00E+05,2,0,0,12,13,12
5,C3,10,1.00E+06,0,0,0,0,0,0
5,C4,10,1.00E+06,6,10,NA,NA,NA,NA
5,C4,10,1.00E+07,6,2,1,NA,NA,NA
5,C4,10,1.00E+08,1,0,0,NA,NA,NA
5,C4,10,1.00E+09,NA,NA,NA,NA,NA,NA
5,C5,10,1.00E+06,NA,NA,NA,NA,NA,NA
5,C5,10,1.00E+07,NA,NA,NA,NA,NA,NA
5,C5,10,1.00E+08,27,12,16,NA,NA,NA
5,C5,10,1.00E+09,NA,NA,NA,NA,NA,NA
5,C6,10,1.00E+06,NA,NA,NA,NA,NA,NA
5,C6,10,1.00E+07,NA,NA,NA,NA,NA,NA
5,C6,10,1.00E+08,31,19,14,NA,NA,NA
5,C6,10,1.00E+09,NA,NA,NA,NA,NA,NA
5,D1,10,1.00E+03,NA,NA,NA,NA,NA,NA
5,D1,10,1.00E+04,24,22,21,NA,NA,NA
5,D1,10,1.00E+05,1,2,5,14,20,20
5,D1,10,1.00E+06,1,0,0,2,4,3
5,D2,10,1.00E+03,NA,NA,NA,NA,NA,NA
5,D2,10,1.00E+04,19,20,18,72,88,73
5,D2,10,1.00E+05,2,3,3,7,7,11
5,D2,10,1.00E+06,0,0,0,1,4,2
5,D3,10,1.00E+03,NA,NA,NA,NA,NA,NA
5,D3,10,1.00E+04,27,27,26,NA,NA,NA
5,D3,10,1.00E+05,4,5,5,19,16,14
5,D3,10,1.00E+06,0,0,0,0,2,3
5,D4,10,1.00E+06,NA,NA,NA,NA,NA,NA
5,D4,10,1.00E+07,NA,NA,NA,0,24,0
5,D4,10,1.00E+08,NA,NA,NA,NA,NA,NA
5,D4,10,1.00E+09,NA,NA,NA,NA,NA,NA
5,D5,10,1.00E+06,NA,NA,NA,NA,NA,NA
5,D5,10,1.00E+07,NA,NA,NA,NA,NA,NA
5,D5,10,1.00E+08,NA,NA,NA,60,57,NA
5,D5,10,1.00E+09,NA,NA,NA,NA,NA,NA
5,D6,10,1.00E+06,NA,NA,NA,NA,NA,NA
5,D6,10,1.00E+07,NA,NA,NA,88,33,63
5,D6,10,1.00E+08,NA,NA,NA,8,4,10
5,D6,10,1.00E+09,NA,NA,NA,NA,NA,NA
6,A1,10,1.00E+03,NA,NA,NA,NA,NA,NA
6,A1,10,1.00E+04,14,24,15,NA,NA,NA
6,A1,10,1.00E+05,2,2,0,NA,NA,NA
6,A1,10,1.00E+06,0,0,0,NA,NA,NA
6,A2,10,1.00E+03,NA,NA,NA,NA,NA,NA
6,A2,10,1.00E+04,26,24,34,NA,NA,NA
6,A2,10,1.00E+05,5,3,4,NA,NA,NA
6,A2,10,1.00E+06,0,0,0,NA,NA,NA
6,A3,10,1.00E+03,32,18,4,NA,NA,NA
6,A3,10,1.00E+04,16,11,0,NA,NA,NA
6,A3,10,1.00E+05,11,4,0,NA,NA,NA
6,A3,10,1.00E+06,2,0,0,NA,NA,NA
6,A4,10,1.00E+03,NA,NA,NA,NA,NA,NA
6,A4,10,1.00E+04,33,37,43,NA,NA,NA
6,A4,10,1.00E+05,1,0,0,NA,NA,NA
6,A4,10,1.00E+06,8,0,0,NA,NA,NA
6,A5,10,1.00E+03,NA,NA,NA,NA,NA,NA
6,A5,10,1.00E+04,24,26,43,NA,NA,NA
6,A5,10,1.00E+05,3,7,2,NA,NA,NA
6,A5,10,1.00E+06,1,0,0,NA,NA,NA
6,A6,10,1.00E+03,NA,NA,NA,NA,NA,NA
6,A6,10,1.00E+04,22,21,15,NA,NA,NA
6,A6,10,1.00E+05,3,1,3,NA,NA,NA
6,A6,10,1.00E+06,1,2,1,NA,NA,NA
6,B1,10,1.00E+03,NA,NA,NA,NA,NA,NA
6,B1,10,1.00E+04,29,27,35,NA,NA,NA
6,B1,10,1.00E+05,2,0,0,NA,NA,NA
6,B1,10,1.00E+06,1,0,0,NA,NA,NA
6,B2,10,1.00E+03,14,NA,NA,NA,NA,NA
6,B2,10,1.00E+04,17,32,49,NA,NA,NA
6,B2,10,1.00E+05,0,0,0,NA,NA,NA
6,B2,10,1.00E+06,0,0,0,NA,NA,NA
6,B3,10,1.00E+03,NA,NA,NA,NA,NA,NA
6,B3,10,1.00E+04,NA,NA,NA,NA,NA,NA
6,B3,10,1.00E+05,4,4,4,NA,NA,NA
6,B3,10,1.00E+06,0,0,0,NA,NA,NA
6,B4,10,1.00E+01,NA,NA,NA,NA,NA,NA
6,B4,10,1.00E+02,11,28,19,NA,NA,NA
6,B4,10,1.00E+03,1,0,0,NA,NA,NA
6,B4,10,1.00E+04,0,0,0,NA,NA,NA
6,B5,10,1.00E+01,NA,NA,NA,NA,NA,NA
6,B5,10,1.00E+02,NA,NA,NA,NA,NA,NA
6,B5,10,1.00E+03,NA,NA,NA,NA,NA,NA
6,B5,10,1.00E+04,NA,NA,NA,NA,NA,NA
6,B6,10,1.00E+01,NA,NA,NA,NA,NA,NA
6,B6,10,1.00E+02,NA,NA,NA,NA,NA,NA
6,B6,10,1.00E+03,NA,NA,NA,NA,NA,NA
6,B6,10,1.00E+04,NA,NA,NA,NA,NA,NA
6,C1,10,1.00E+03,NA,NA,NA,NA,NA,NA
6,C1,10,1.00E+04,21,51,30,NA,NA,NA
6,C1,10,1.00E+05,6,5,0,NA,NA,NA
6,C1,10,1.00E+06,0,0,0,NA,NA,NA
6,C2,10,1.00E+03,NA,NA,NA,NA,NA,NA
6,C2,10,1.00E+04,NA,6,10,NA,NA,NA
6,C2,10,1.00E+05,3,5,1,NA,NA,NA
6,C2,10,1.00E+06,0,0,0,NA,NA,NA
6,C3,10,1.00E+03,22,8,2,NA,NA,NA
6,C3,10,1.00E+04,2,1,4,NA,NA,NA
6,C3,10,1.00E+05,0,0,0,NA,NA,NA
6,C3,10,1.00E+06,0,0,0,NA,NA,NA
6,C4,10,1.00E+06,NA,NA,NA,NA,NA,NA
6,C4,10,1.00E+07,NA,NA,NA,NA,NA,NA
6,C4,10,1.00E+08,NA,NA,51,NA,NA,NA
6,C4,10,1.00E+09,NA,NA,NA,NA,NA,NA
6,C5,10,1.00E+06,NA,NA,NA,NA,NA,NA
6,C5,10,1.00E+07,5,7,1,NA,NA,NA
6,C5,10,1.00E+08,12,4,0,NA,NA,NA
6,C5,10,1.00E+09,NA,NA,NA,NA,NA,NA
6,C6,10,1.00E+06,NA,NA,NA,NA,NA,NA
6,C6,10,1.00E+07,6,2,1,NA,NA,NA
6,C6,10,1.00E+08,4,8,3,NA,NA,NA
6,C6,10,1.00E+09,NA,NA,NA,NA,NA,NA
6,D1,10,1.00E+03,NA,NA,NA,NA,NA,NA
6,D1,10,1.00E+04,55,52,52,NA,NA,NA
6,D1,10,1.00E+05,6,5,4,NA,NA,NA
6,D1,10,1.00E+06,1,0,1,NA,NA,NA
6,D2,10,1.00E+03,NA,NA,NA,NA,NA,NA
6,D2,10,1.00E+04,29,25,42,NA,NA,NA
6,D2,10,1.00E+05,4,7,3,NA,NA,NA
6,D2,10,1.00E+06,0,0,0,NA,NA,NA
6,D3,10,1.00E+03,NA,NA,NA,NA,NA,NA
6,D3,10,1.00E+04,43,49,35,NA,NA,NA
6,D3,10,1.00E+05,4,7,3,NA,NA,NA
6,D3,10,1.00E+06,0,0,0,NA,NA,NA
6,D4,10,1.00E+06,NA,NA,NA,NA,NA,NA
6,D4,10,1.00E+07,NA,NA,NA,NA,NA,NA
6,D4,10,1.00E+08,NA,NA,NA,NA,NA,NA
6,D4,10,1.00E+09,NA,NA,NA,NA,NA,NA
6,D5,10,1.00E+06,NA,NA,NA,NA,NA,NA
6,D5,10,1.00E+07,NA,NA,NA,NA,NA,NA
6,D5,10,1.00E+08,NA,NA,NA,NA,NA,NA
6,D5,10,1.00E+09,NA,NA,NA,NA,NA,NA
6,D6,10,1.00E+06,NA,NA,NA,NA,NA,NA
6,D6,10,1.00E+07,NA,NA,NA,NA,NA,NA
6,D6,10,1.00E+08,NA,NA,NA,NA,NA,NA
6,D6,10,1.00E+09,NA,NA,NA,NA,NA,NA
7,A1,10,1.00E+03,NA,NA,NA,NA,NA,NA
7,A1,10,1.00E+04,NA,NA,NA,NA,NA,NA
7,A1,10,1.00E+05,NA,NA,NA,NA,NA,NA
7,A1,10,1.00E+06,NA,NA,NA,NA,NA,NA
7,A2,10,1.00E+03,NA,NA,NA,NA,NA,NA
7,A2,10,1.00E+04,NA,NA,NA,NA,NA,NA
7,A2,10,1.00E+05,NA,NA,NA,NA,NA,NA
7,A2,10,1.00E+06,NA,NA,NA,NA,NA,NA
7,A3,10,1.00E+03,NA,NA,NA,NA,NA,NA
7,A3,10,1.00E+04,NA,NA,NA,NA,NA,NA
7,A3,10,1.00E+05,NA,NA,NA,NA,NA,NA
7,A3,10,1.00E+06,NA,NA,NA,NA,NA,NA
7,A4,10,1.00E+07,NA,NA,NA,NA,NA,NA
7,A4,10,1.00E+08,NA,NA,NA,NA,NA,NA
7,A4,10,1.00E+09,NA,NA,NA,NA,NA,NA
7,A4,10,1.00E+09,NA,NA,NA,NA,NA,NA
7,A5,10,1.00E+03,NA,NA,NA,NA,NA,NA
7,A5,10,1.00E+04,NA,NA,NA,NA,NA,NA
7,A5,10,1.00E+05,NA,NA,NA,NA,NA,NA
7,A5,10,1.00E+06,NA,NA,NA,NA,NA,NA
7,A6,10,1.00E+03,NA,NA,NA,NA,NA,NA
7,A6,10,1.00E+04,NA,NA,NA,NA,NA,NA
7,A6,10,1.00E+05,NA,NA,NA,NA,NA,NA
7,A6,10,1.00E+06,NA,NA,NA,NA,NA,NA
7,B1,10,1.00E+03,NA,NA,NA,NA,NA,NA
7,B1,10,1.00E+04,1,NA,NA,NA,NA,NA
7,B1,10,1.00E+05,NA,NA,NA,NA,NA,NA
7,B1,10,1.00E+06,NA,NA,NA,NA,NA,NA
7,B2,10,1.00E+03,NA,NA,NA,NA,NA,NA
7,B2,10,1.00E+04,NA,NA,NA,NA,NA,NA
7,B2,10,1.00E+05,NA,NA,NA,NA,NA,NA
7,B2,10,1.00E+06,NA,NA,NA,NA,NA,NA
7,B3,10,1.00E+03,NA,NA,NA,NA,NA,NA
7,B3,10,1.00E+04,NA,NA,NA,NA,NA,NA
7,B3,10,1.00E+05,NA,NA,NA,NA,NA,NA
7,B3,10,1.00E+06,NA,NA,NA,NA,NA,NA
7,B4,10,1.00E+01,NA,NA,NA,NA,NA,NA
7,B4,10,1.00E+02,NA,NA,NA,NA,NA,NA
7,B4,10,1.00E+03,NA,NA,NA,NA,NA,NA
7,B4,10,1.00E+04,NA,NA,NA,NA,NA,NA
7,B5,10,1.00E+01,NA,NA,NA,NA,NA,NA
7,B5,10,1.00E+02,NA,NA,NA,NA,NA,NA
7,B5,10,1.00E+03,NA,NA,NA,NA,NA,NA
7,B5,10,1.00E+04,NA,NA,NA,NA,NA,NA
7,B5,10,1.00E+05,NA,NA,NA,NA,NA,NA
7,B6,10,1.00E+01,NA,NA,NA,NA,NA,NA
7,B6,10,1.00E+02,NA,NA,NA,NA,NA,NA
7,B6,10,1.00E+03,NA,NA,NA,NA,NA,NA
7,B6,10,1.00E+04,NA,NA,NA,NA,NA,NA
7,C1,10,1.00E+03,NA,NA,NA,NA,NA,NA
7,C1,10,1.00E+04,28,NA,NA,NA,NA,NA
7,C1,10,1.00E+05,3,2,NA,NA,NA,NA
7,C1,10,1.00E+06,NA,NA,NA,NA,NA,NA
7,C2,10,1.00E+03,NA,NA,NA,NA,NA,NA
7,C2,10,1.00E+04,NA,NA,NA,NA,NA,NA
7,C2,10,1.00E+05,NA,NA,NA,NA,NA,NA
7,C2,10,1.00E+06,NA,NA,NA,NA,NA,NA
7,C3,10,1.00E+03,NA,NA,NA,NA,NA,NA
7,C3,10,1.00E+04,NA,NA,NA,NA,NA,NA
7,C3,10,1.00E+05,NA,NA,NA,NA,NA,NA
7,C3,10,1.00E+06,NA,NA,NA,NA,NA,NA
7,C4,10,1.00E+07,NA,NA,NA,NA,NA,NA
7,C4,10,1.00E+08,NA,NA,NA,NA,NA,NA
7,C4,10,1.00E+09,NA,NA,NA,NA,NA,NA
7,C4,10,1.00E+10,NA,NA,NA,NA,NA,NA
7,C5,10,1.00E+07,NA,NA,NA,NA,NA,NA
7,C5,10,1.00E+08,NA,NA,NA,NA,NA,NA
7,C5,10,1.00E+09,NA,NA,NA,NA,NA,NA
7,C5,10,1.00E+10,NA,NA,NA,NA,NA,NA
7,C6,10,1.00E+07,NA,NA,NA,NA,NA,NA
7,C6,10,1.00E+08,NA,NA,NA,NA,NA,NA
7,C6,10,1.00E+09,NA,NA,NA,NA,NA,NA
7,C6,10,1.00E+10,NA,NA,NA,NA,NA,NA
7,D1,10,1.00E+03,NA,NA,NA,NA,NA,NA
7,D1,10,1.00E+04,15,2,NA,NA,NA,NA
7,D1,10,1.00E+05,2,3,NA,NA,NA,NA
7,D1,10,1.00E+06,NA,NA,NA,NA,NA,NA
7,D2,10,1.00E+03,NA,NA,NA,NA,NA,NA
7,D2,10,1.00E+04,8,NA,NA,NA,NA,NA
7,D2,10,1.00E+05,1,NA,NA,NA,NA,NA
7,D2,10,1.00E+06,NA,NA,NA,NA,NA,NA
7,D3,10,1.00E+03,NA,NA,NA,NA,NA,NA
7,D3,10,1.00E+04,NA,NA,NA,NA,NA,NA
7,D3,10,1.00E+05,NA,NA,NA,NA,NA,NA
7,D3,10,1.00E+06,NA,NA,NA,NA,NA,NA
7,D4,10,1.00E+07,NA,NA,NA,NA,NA,NA
7,D4,10,1.00E+08,NA,NA,NA,NA,NA,NA
7,D4,10,1.00E+09,NA,NA,NA,NA,NA,NA
7,D4,10,1.00E+10,NA,NA,NA,NA,NA,NA
7,D5,10,1.00E+07,NA,NA,NA,NA,NA,NA
7,D5,10,1.00E+08,NA,NA,NA,NA,NA,NA
7,D5,10,1.00E+09,NA,NA,NA,NA,NA,NA
7,D5,10,1.00E+10,NA,NA,NA,NA,NA,NA
7,D6,10,1.00E+07,NA,NA,NA,NA,NA,NA
7,D6,10,1.00E+08,NA,NA,NA,NA,NA,NA
7,D6,10,1.00E+09,NA,NA,NA,NA,NA,NA
7,D6,10,1.00E+10,NA,NA,NA,NA,NA,NA
8,A1,10,1.00E+04,5,2,,59,66,Pos
8,A1,10,1.00E+05,1,,,NA,NA,NA
8,A1,10,1.00E+06,NA,NA,NA,1,NA,NA
8,A1,10,1.00E+07,NA,NA,NA,0,0,0
8,A2,10,1.00E+04,1,4,,64,59,NA
8,A2,10,1.00E+05,NA,NA,NA,12,NA,NA
8,A2,10,1.00E+06,NA,NA,NA,0,0,0
8,A2,10,1.00E+07,NA,NA,NA,0,0,0
8,A3,10,1.00E+04,NA,NA,NA,NA,NA,NA
8,A3,10,1.00E+05,NA,NA,NA,NA,NA,NA
8,A3,10,1.00E+06,NA,NA,NA,NA,NA,NA
8,A3,10,1.00E+07,NA,NA,NA,NA,NA,NA
8,A4,10,1.00E+04,NA,NA,NA,NA,NA,NA
8,A4,10,1.00E+05,NA,NA,NA,NA,NA,NA
8,A4,10,1.00E+06,NA,NA,NA,NA,NA,NA
8,A4,10,1.00E+07,NA,NA,NA,NA,NA,NA
8,A5,10,1.00E+04,NA,NA,NA,NA,NA,NA
8,A5,10,1.00E+05,NA,NA,NA,NA,NA,NA
8,A5,10,1.00E+06,NA,NA,NA,NA,NA,NA
8,A5,10,1.00E+07,NA,NA,NA,NA,NA,NA
8,A6,10,1.00E+04,NA,NA,NA,NA,NA,NA
8,A6,10,1.00E+05,NA,NA,NA,NA,NA,NA
8,A6,10,1.00E+06,NA,NA,NA,NA,NA,NA
8,A6,10,1.00E+07,NA,NA,NA,NA,NA,NA
8,B1,10,1.00E+04,NA,NA,NA,41,Pos,
8,B1,10,1.00E+05,NA,NA,NA,NA,NA,NA
8,B1,10,1.00E+06,NA,NA,NA,NA,NA,NA
8,B1,10,1.00E+07,NA,NA,NA,NA,NA,NA
8,B2,10,1.00E+04,NA,NA,NA,28,35,
8,B2,10,1.00E+05,NA,NA,NA,NA,1,NA
8,B2,10,1.00E+06,NA,NA,NA,NA,NA,NA
8,B2,10,1.00E+07,NA,NA,NA,NA,NA,NA
8,B3,10,1.00E+04,NA,NA,NA,NA,NA,NA
8,B3,10,1.00E+05,NA,NA,NA,NA,NA,NA
8,B3,10,1.00E+06,NA,NA,NA,NA,NA,NA
8,B3,10,1.00E+07,NA,NA,NA,NA,NA,NA
8,B4,10,1.00E+02,NA,NA,NA,NA,NA,NA
8,B4,10,1.00E+03,NA,NA,NA,NA,NA,NA
8,B4,10,1.00E+04,NA,NA,NA,NA,NA,NA
8,B4,10,1.00E+05,NA,NA,NA,NA,NA,NA
8,B5,10,1.00E+02,NA,NA,NA,73,55,Pos
8,B5,10,1.00E+03,NA,NA,NA,69,Pos,NA
8,B5,10,1.00E+04,NA,NA,NA,4,2,Pos
8,B5,10,1.00E+05,NA,NA,NA,NA,NA,NA
8,B6,10,1.00E+01,NA,NA,NA,NA,NA,NA
8,B6,10,1.00E+02,NA,NA,NA,NA,NA,NA
8,B6,10,1.00E+03,NA,NA,NA,NA,NA,NA
8,B6,10,1.00E+04,NA,NA,NA,NA,NA,NA
8,C1,10,1.00E+04,NA,NA,NA,48,54,20
8,C1,10,1.00E+05,NA,3,NA,NA,NA,NA
8,C1,10,1.00E+06,NA,NA,NA,3,2,NA
8,C1,10,1.00E+07,NA,NA,NA,NA,NA,NA
8,C2,10,1.00E+04,NA,1,NA,NA,NA,NA
8,C2,10,1.00E+05,NA,NA,NA,NA,NA,NA
8,C2,10,1.00E+06,NA,NA,NA,NA,NA,NA
8,C2,10,1.00E+07,NA,NA,NA,NA,NA,NA
8,C3,10,1.00E+04,NA,NA,NA,NA,NA,NA
8,C3,10,1.00E+05,NA,NA,NA,NA,NA,NA
8,C3,10,1.00E+06,NA,NA,NA,NA,NA,NA
8,C3,10,1.00E+07,NA,NA,NA,NA,NA,NA
8,C4,10,1.00E+06,NA,NA,NA,NA,NA,NA
8,C4,10,1.00E+07,NA,NA,NA,NA,NA,NA
8,C4,10,1.00E+08,NA,NA,NA,NA,NA,NA
8,C4,10,1.00E+09,NA,NA,NA,NA,NA,NA
8,C5,10,1.00E+06,NA,NA,NA,NA,NA,NA
8,C5,10,1.00E+07,NA,NA,NA,NA,NA,NA
8,C5,10,1.00E+08,NA,NA,NA,NA,NA,NA
8,C5,10,1.00E+09,NA,NA,NA,NA,NA,NA
8,C6,10,1.00E+06,NA,NA,NA,NA,NA,NA
8,C6,10,1.00E+07,NA,NA,NA,NA,NA,NA
8,C6,10,1.00E+08,NA,NA,NA,NA,NA,NA
8,C6,10,1.00E+09,NA,NA,NA,NA,NA,NA
8,D1,10,1.00E+04,7,19,25,75,60,
8,D1,10,1.00E+05,68,56,35,,,
8,D1,10,1.00E+06,NA,NA,NA,NA,NA,NA
8,D1,10,1.00E+07,0,0,0,,,
8,D2,10,1.00E+04,Pos,Pos,NA,NA,NA,NA
8,D2,10,1.00E+05,Pos,Pos,Pos,NA,NA,NA
8,D2,10,1.00E+06,22,12,NA,NA,NA,NA
8,D2,10,1.00E+07,1,1,1,NA,NA,NA
8,D3,10,1.00E+04,NA,NA,NA,48,73,NA
8,D3,10,1.00E+05,NA,NA,NA,NA,NA,NA
8,D3,10,1.00E+06,NA,NA,NA,NA,NA,NA
8,D3,10,1.00E+07,NA,NA,NA,NA,NA,NA
8,D4,10,1.00E+06,NA,NA,NA,NA,NA,NA
8,D4,10,1.00E+07,NA,NA,NA,NA,NA,NA
8,D4,10,1.00E+08,NA,NA,NA,NA,NA,NA
8,D4,10,1.00E+09,NA,NA,NA,NA,NA,NA
8,D5,10,1.00E+06,NA,NA,NA,NA,NA,NA
8,D5,10,1.00E+07,NA,NA,NA,NA,NA,NA
8,D5,10,1.00E+08,NA,NA,NA,NA,NA,NA
8,D5,10,1.00E+09,NA,NA,NA,NA,NA,NA
8,D6,10,1.00E+06,NA,NA,NA,NA,NA,NA
8,D6,10,1.00E+07,NA,NA,NA,NA,NA,NA
8,D6,10,1.00E+08,NA,NA,NA,NA,NA,NA
8,D6,10,1.00E+09,NA,NA,NA,NA,NA,NA
9,A1,10,1.00E+02,Pos,Pos,Pos,Pos,Pos ,Pos
9,A1,10,1.00E+03,11,56,45,Pos,Pos,Pos
9,A1,10,1.00E+04,2,NA,NA,55,58,33
9,A1,10,1.00E+05,0,0,0,1,Pos,4
9,A2,10,1.00E+02,Pos,Pos,Pos,Pos,Pos ,Pos
9,A2,10,1.00E+03,13,31,38,Pos,Pos,Pos
9,A2,10,1.00E+04,7,6,4,68,55,47
9,A2,10,1.00E+05,0,1,3,Pos,6,5
9,A3,10,1.00E+02,Pos,Pos ,Pos,Pos,Pos ,Pos
9,A3,10,1.00E+03,Pos,Pos,Pos,Pos,Pos,Pos
9,A3,10,1.00E+04,37,23,8,46,62,46
9,A3,10,1.00E+05,1,1,3,7,6,5
9,A4,10,1.00E+02,Pos,Pos,16,Pos,Pos,Pos
9,A4,10,1.00E+03,,12,20,Pos,Pos,Pos
9,A4,10,1.00E+04,0,0,0,1,1,
9,A4,10,1.00E+05,0,0,0,NA,NA,NA
9,A5,10,1.00E+02,Pos,Pos,34,Pos,Pos,Pos
9,A5,10,1.00E+03,Pos,Pos,Pos,Pos,Pos,Pos
9,A5,10,1.00E+04,NA,NA,28,88,NA,NA
9,A5,10,1.00E+05,0,0,5,0,0,0
9,A6,10,1.00E+02,21,31,26,Pos,Pos,Pos
9,A6,10,1.00E+03,1,,,Pos,Pos,Pos
9,A6,10,1.00E+04,11,7,,99,Pos,Pos
9,A6,10,1.00E+05,0,0,0,Pos,19,14
9,B1,10,1.00E+02,Pos,Pos,Pos,Pos,Pos ,Pos
9,B1,10,1.00E+03,5,25,28,Pos,Pos,Pos
9,B1,10,1.00E+04,0,0,0,58,72,42
9,B1,10,1.00E+05,0,0,0,6,10,NA
9,B2,10,1.00E+01,Pos,Pos,Pos,Pos,Pos ,Pos
9,B2,10,1.00E+02,Pos,Pos,Pos,Pos,Pos,Pos
9,B2,10,1.00E+03,Pos,Pos,Pos,Pos,Pos,Pos
9,B2,10,1.00E+04,NA,7,9,Pos,44,48
9,B3,10,1.00E+01,NA,NA,NA,Pos,Pos,Pos
9,B3,10,1.00E+02,NA,NA,NA,NA,NA,NA
9,B3,10,1.00E+03,NA,NA,NA,103,Pos,Pos
9,B3,10,1.00E+04,NA,NA,NA,11,23,Pos
9,B4,10,1.00E+01,2,2,0,NA,NA,NA
9,B4,10,1.00E+02,NA,NA,NA,NA,NA,NA
9,B4,10,1.00E+03,NA,NA,NA,NA,NA,NA
9,B4,10,1.00E+04,NA,NA,NA,NA,NA,NA
9,B5,10,1.00E+01,NA,NA,NA,Pos,Pos,Pos
9,B5,10,1.00E+02,NA,NA,NA,Pos,Pos,Pos
9,B5,10,1.00E+03,NA,NA,NA,17,15,10
9,B5,10,1.00E+04,NA,NA,NA,0,0,0
9,B6,10,1.00E+01,NA,NA,NA,NA,NA,NA
9,B6,10,1.00E+02,NA,NA,NA,NA,NA,NA
9,B6,10,1.00E+03,NA,NA,NA,NA,NA,NA
9,B6,10,1.00E+04,NA,NA,NA,NA,NA,NA
9,C1,10,1.00E+02,Pos,Pos,Pos,Pos,Pos,Pos
9,C1,10,1.00E+03,NA,75,69,Pos,Pos,Pos
9,C1,10,1.00E+04,19,19,4,86,78,39
9,C1,10,1.00E+05,1,3,0,NA,NA,49
9,C2,10,1.00E+01,3,12,16,Pos,Pos,Pos
9,C2,10,1.00E+02,Pos,Pos,Pos,Pos,Pos,Pos
9,C2,10,1.00E+03,NA,7,13,Pos,Pos,Pos
9,C2,10,1.00E+04,NA,57,27,,50,60
9,C3,10,1.00E+01,NA,NA,NA,NA,NA,NA
9,C3,10,1.00E+02,NA,NA,NA,NA,NA,NA
9,C3,10,1.00E+03,NA,NA,NA,NA,NA,NA
9,C3,10,1.00E+04,NA,NA,NA,NA,NA,NA
9,C4,10,1.00E+06,NA,NA,NA,NA,NA,NA
9,C4,10,1.00E+07,NA,NA,NA,NA,NA,NA
9,C4,10,1.00E+08,NA,NA,NA,NA,NA,NA
9,C4,10,1.00E+09,NA,NA,NA,NA,NA,NA
9,C5,10,1.00E+06,NA,NA,NA,NA,NA,NA
9,C5,10,1.00E+07,3,3,NA,NA,NA,NA
9,C5,10,1.00E+08,1,6,NA,NA,NA,NA
9,C5,10,1.00E+09,1,0,0,NA,NA,NA
9,C6,10,1.00E+06,NA,NA,NA,NA,NA,NA
9,C6,10,1.00E+07,1,0,NA,NA,NA,NA
9,C6,10,1.00E+08,NA,NA,NA,NA,NA,NA
9,C6,10,1.00E+09,NA,NA,NA,NA,NA,NA
9,D1,10,1.00E+02,68,56,35,Pos,Pos,Pos
9,D1,10,1.00E+03,7,19,25,Pos,Pos,NA
9,D1,10,1.00E+04,NA,NA,NA,71,87,Pos
9,D1,10,1.00E+05,NA,NA,NA,Pos ,Pos ,Pos
9,D2,10,1.00E+02,,Pos,Pos,Pos,Pos,Pos
9,D2,10,1.00E+03,Pos,Pos,Pos,Pos,Pos,Pos
9,D2,10,1.00E+04,22,12,,Pos ,Pos ,Pos
9,D2,10,1.00E+05,1,1,1,Pos,85,74
9,D3,10,1.00E+02,36,23,36,Pos,Pos,Pos
9,D3,10,1.00E+03,1,0,0,Pos,Pos,Pos
9,D3,10,1.00E+04,19,13,NA,NA,NA,NA
9,D3,10,1.00E+05,3,0,0,14,NA,NA
9,D4,10,1.00E+06,NA,NA,NA,NA,NA,NA
9,D4,10,1.00E+07,NA,NA,NA,37,3,2
9,D4,10,1.00E+08,NA,NA,NA,Pos,Pos,Pos
9,D4,10,1.00E+09,NA,NA,NA,NA,NA,NA
9,D5,10,1.00E+06,NA,NA,NA,24,22,
9,D5,10,1.00E+07,NA,NA,NA,52,20,8
9,D5,10,1.00E+08,NA,NA,NA,Pos,Pos,Pos
9,D5,10,1.00E+09,NA,NA,NA,Pos,Pos,NA
9,D6,10,1.00E+06,NA,NA,NA,29,20,NA
9,D6,10,1.00E+07,NA,NA,NA,41,10,Pos
9,D6,10,1.00E+08,NA,NA,NA,Pos ,Pos,NA
9,D6,10,1.00E+09,NA,NA,NA,Pos ,Pos,NA
10,A1,10,1.00E+01,NA,NA,NA,Pos,Pos,Pos
10,A1,10,1.00E+02,Pos,Pos,Pos,Pos,Pos,Pos
10,A1,10,1.00E+03,36,58,,78,56,88
10,A1,10,1.00E+04,2,1,3,10,NA,NA
10,A1,10,1.00E+05,0,0,0,NA,NA,NA
10,A1,10,1.00E+01,,,,Pos ,Pos ,Pos 
10,A2,10,1.00E+02,Pos,Pos,Pos,Pos ,Pos ,Pos 
10,A2,10,1.00E+03,Pos,Pos,Pos,Pos ,Pos ,Pos 
10,A2,10,1.00E+04,16,20,13,72,103,77
10,A2,10,1.00E+05,1,1,1,NA,NA,NA
10,A1,10,1.00E+01,,,,Pos ,Pos ,Pos 
10,A3,10,1.00E+02,Pos,Pos,Pos,Pos ,Pos ,Pos 
10,A3,10,1.00E+03,3,15,13,Pos ,Pos ,Pos 
10,A3,10,1.00E+04,33,28,10,35,56,51
10,A3,10,1.00E+05,1,2,NA,NA,NA,NA
10,A1,10,1.00E+01,NA,NA,NA,Pos ,Pos ,Pos 
10,A4,10,1.00E+02,Pos,Pos,Pos,Pos ,Pos ,Pos 
10,A4,10,1.00E+03,,28,33,Pos ,Pos ,Pos 
10,A4,10,1.00E+04,1,2,NA,NA,19,38
10,A4,10,1.00E+05,0,0,0,NA,NA,NA
10,A1,10,1.00E+01,,,,Pos ,Pos ,Pos 
10,A5,10,1.00E+02,Pos,Pos,Pos,Pos ,Pos ,Pos 
10,A5,10,1.00E+03,6,Pos,Pos,Pos ,Pos ,Pos 
10,A5,10,1.00E+04,35,48,11,NA,99,93
10,A5,10,1.00E+05,,6,7,NA,NA,NA
10,A1,10,1.00E+01,NA,NA,NA,Pos ,Pos ,Pos 
10,A6,10,1.00E+02,Pos,Pos,Pos,Pos ,Pos ,Pos 
10,A6,10,1.00E+03,10,16,18,Pos ,Pos ,Pos 
10,A6,10,1.00E+04,28,21,6,56,112,102
10,A6,10,1.00E+05,0,0,3,NA,NA,NA
10,A1,10,1.00E+01,NA,NA,NA,Pos ,Pos ,Pos 
10,B1,10,1.00E+02,Pos,Pos,Pos,Pos ,Pos ,Pos 
10,B1,10,1.00E+03,NA,NA,NA,26,6,8
10,B1,10,1.00E+04,NA,NA,NA,1,2,2
10,B1,10,1.00E+05,NA,NA,NA,NA,NA,NA
10,A1,10,1.00E+01,NA,NA,NA,Pos ,Pos ,Pos 
10,B2,10,1.00E+02,1,1,2,Pos ,Pos ,Pos 
10,B2,10,1.00E+03,Pos,1,,Pos ,Pos ,Pos 
10,B2,10,1.00E+04,NA,NA,NA,12,45,54
10,B2,10,1.00E+05,NA,NA,NA,NA,NA,NA
10,A1,10,1.00E+01,NA,NA,NA,Pos ,Pos ,Pos 
10,B3,10,1.00E+02,NA,NA,NA,Pos ,Pos ,Pos 
10,B3,10,1.00E+03,NA,NA,NA,Pos ,Pos ,Pos 
10,B3,10,1.00E+04,NA,NA,NA,6,15,19
10,B3,10,1.00E+05,NA,NA,NA,NA,NA,NA
10,A1,10,1.00E+01,NA,NA,NA,NA,NA,NA
10,B4,10,1.00E+02,NA,NA,NA,NA,NA,NA
10,B4,10,1.00E+03,NA,NA,NA,NA,NA,NA
10,B4,10,1.00E+04,NA,NA,NA,NA,NA,NA
10,B4,10,1.00E+05,NA,NA,NA,NA,NA,NA
10,A1,10,1.00E+01,NA,NA,NA,Pos,Pos,Pos
10,B5,10,1.00E+02,NA,NA,NA,Pos,Pos,Pos
10,B5,10,1.00E+03,NA,NA,NA,78,56,88
10,B5,10,1.00E+04,NA,NA,NA,10,NA,NA
10,B5,10,1.00E+05,NA,NA,NA,NA,NA,NA
10,A1,10,1.00E+01,NA,NA,NA,NA,NA,NA
10,B6,10,1.00E+02,NA,NA,NA,NA,NA,NA
10,B6,10,1.00E+03,NA,NA,NA,NA,NA,NA
10,B6,10,1.00E+04,NA,NA,NA,NA,NA,NA
10,B6,10,1.00E+05,NA,NA,NA,NA,NA,NA
10,A1,10,1.00E+01,NA,NA,NA,Pos,Pos,Pos
10,C1,10,1.00E+02,Pos,Pos,Pos,Pos,Pos,Pos
10,C1,10,1.00E+03,5,21,33,Pos,Pos,Pos
10,C1,10,1.00E+04,1,NA,NA,64,105,89
10,C1,10,1.00E+05,NA,NA,NA,NA,NA,NA
10,A1,10,1.00E+01,NA,NA,NA,Pos,Pos,Pos
10,C2,10,1.00E+02,NA,NA,NA,Pos,Pos,Pos
10,C2,10,1.00E+03,NA,NA,NA,Pos,Pos,Pos
10,C2,10,1.00E+04,NA,NA,NA,24,42,41
10,C2,10,1.00E+05,NA,NA,NA,,,
10,A1,10,1.00E+01,NA,NA,NA,Pos,Pos,Pos
10,C3,10,1.00E+02,NA,NA,NA,Pos,Pos,Pos
10,C3,10,1.00E+03,NA,NA,NA,46,37,48
10,C3,10,1.00E+04,NA,NA,NA,NA,NA,NA
10,C3,10,1.00E+05,NA,NA,NA,NA,NA,NA
10,C4,10,1.00E+06,1,NA,NA,NA,NA,NA
10,C4,10,1.00E+07,NA,NA,NA,NA,NA,NA
10,C4,10,1.00E+08,NA,NA,NA,NA,NA,NA
10,C4,10,1.00E+09,NA,NA,NA,NA,NA,NA
10,C5,10,1.00E+06,NA,NA,NA,NA,NA,NA
10,C5,10,1.00E+07,NA,NA,NA,NA,NA,NA
10,C5,10,1.00E+08,NA,NA,NA,NA,NA,NA
10,C5,10,1.00E+09,NA,NA,NA,NA,NA,NA
10,C6,10,1.00E+06,NA,NA,NA,NA,NA,NA
10,C6,10,1.00E+07,2,NA,NA,NA,NA,NA
10,C6,10,1.00E+08,NA,NA,NA,NA,NA,NA
10,C6,10,1.00E+09,NA,NA,NA,NA,NA,NA
10,A1,10,1.00E+01,NA,NA,NA,Pos,Pos,Pos
10,D1,10,1.00E+02,19,22,15,Pos,Pos,Pos
10,D1,10,1.00E+03,0,3,2,Pos,Pos,Pos
10,D1,10,1.00E+04,0,0,0,NA,71,87
10,D1,10,1.00E+05,0,0,0,NA,NA,NA
10,A1,10,1.00E+01,NA,NA,NA,Pos,Pos,Pos
10,D2,10,1.00E+02,Pos,Pos,37,Pos,Pos,Pos
10,D2,10,1.00E+03,28,,,Pos,Pos,Pos
10,D2,10,1.00E+04,14,11,,Pos,85,74
10,D2,10,1.00E+05,0,0,0,NA,NA,NA
10,A1,10,1.00E+01,NA,NA,NA,Pos,Pos,Pos
10,D3,10,1.00E+02,8,15,13,Pos,Pos,Pos
10,D3,10,1.00E+03,NA,NA,NA,69,68,73
10,D3,10,1.00E+04,6,2,,54,39,8
10,D3,10,1.00E+05,0,0,0,NA,NA,NA
10,D4,10,1.00E+06,NA,NA,NA,NA,NA,NA
10,D4,10,1.00E+07,NA,NA,NA,54,58,NA
10,D4,10,1.00E+08,NA,NA,NA,27,19,18
10,D4,10,1.00E+09,NA,NA,NA,1,2,1
10,D5,10,1.00E+06,NA,NA,NA,NA,NA,NA
10,D5,10,1.00E+07,NA,NA,NA,47,40,NA
10,D5,10,1.00E+08,NA,NA,NA,30,16,15
10,D5,10,1.00E+09,NA,NA,NA,1,0,0
10,D6,10,1.00E+06,NA,NA,NA,NA,NA,NA
10,D6,10,1.00E+07,NA,NA,NA,15,10,NA
10,D6,10,1.00E+08,NA,NA,NA,14,13,4
10,D6,10,1.00E+09,NA,NA,NA,1,2,1